ID,SecType,Date,Time,Ask,Ask volume,Bid,Bid volume,Ask time,Day's high ask,Close,Currency,Day's high ask time,Day's high,ISIN,Auction price,Day's low ask,Day's low,Day's low ask time,Open,Nominal value,Last,Last volume,Trading time,Total volume,Mid price,Trading date,Profit,Current price,Related indices,Day high bid time, Day low bid time,Open Time, Last trade time, Close Time, Day high Time, Day low Time,Bid time,Auction Time
A2ASZ7.ETR,E,08-11-2021,01:01:07.000,,,,,,,,,,,,,,,,,,,,,,,,,,,,,,,,,,,
A0HN5C.ETR,E,08-11-2021,01:01:09.564,,,,,,,,,,,,,,,,,,,,,,,,,,,,,,,,,,,
A0HN5C.ETR,E,08-11-2021,01:01:09.000,,,,,,,,,,,,,,,,,,,,,,,,,,,,,,,,,,,
SGFI.FR,E,08-11-2021,01:01:47.281,,,,,,,,,,,,,,,,,,,,,,,,,,,,,,,,,,,
SGFI.FR,E,08-11-2021,01:01:47.000,,,,,,,,,,,,,,,,,,,,,,,,,,,,,,,,,,,
NRP.NL,E,08-11-2021,01:02:06.211,,,,,,,,,,,,,,,,,,,,,,,,,,,,,,,,,,,
NRP.NL,E,08-11-2021,01:02:06.000,,,,,,,,,,,,,,,,,,,,,,,,,,,,,,,,,,,
A2N9WV.ETR,E,08-11-2021,01:06:01.000,,,,,,,,,,,,,,,,,,,,,,,,,,,,,,,,,,,
SGT1D.FR,I,08-11-2021,01:12:23.866,,,,,,,,,,,,,,,,,,,,,,,,,,,,,,,,,,,
MLAA.FR,E,08-11-2021,01:12:26.024,,,,,,,,,,,,,,,,,,,,,,,,,,,,,,,,,,,
SGBG.FR,I,08-11-2021,01:12:27.025,,,,,,,,,,,,,,,,,,,,,,,,,,,,,,,,,,,
SGBD.FR,I,08-11-2021,01:12:27.036,,,,,,,,,,,,,,,,,,,,,,,,,,,,,,,,,,,
I2HCA.FR,I,08-11-2021,01:12:29.005,,,,,,,,,,,,,,,,,,,,,,,,,,,,,,,,,,,
SGBP.FR,I,08-11-2021,01:12:30.006,,,,,,,,,,,,,,,,,,,,,,,,,,,,,,,,,,,
I2WME.FR,I,08-11-2021,01:12:31.018,,,,,,,,,,,,,,,,,,,,,,,,,,,,,,,,,,,
I2WVE.FR,I,08-11-2021,01:12:33.042,,,,,,,,,,,,,,,,,,,,,,,,,,,,,,,,,,,
SGT1P.FR,I,08-11-2021,01:12:36.044,,,,,,,,,,,,,,,,,,,,,,,,,,,,,,,,,,,
SGT1G.FR,I,08-11-2021,01:12:36.055,,,,,,,,,,,,,,,,,,,,,,,,,,,,,,,,,,,
923893.ETR,E,08-11-2021,01:13:22.000,,,,,,,,,,,,,,,,,,,,,,,,,,,,,,,,,,,
FREN4.FR,I,08-11-2021,00:00:00.000,,,,,,,0.0,,,0.0,,,,0.0,,0.0,,0.0,,00:00:00.000,,,,,,,,,00:00:00.000,00:00:00.000,00:00:00.000,00:00:00.000,00:00:00.000,,
INC2U.FR,I,08-11-2021,05:10:04.000,,,,,,,0.0,,,0.0,,,,0.0,,0.0,,0.0,,00:00:00.000,,,,,,,,,00:00:00.000,00:00:00.000,00:00:00.000,00:00:00.000,00:00:00.000,,
CBOT.FR,E,08-11-2021,02:00:00.000,0.0,0.0,0.0,0.0,,0.0,0.0,,,0.0,,,0.0,0.0,,0.0,,0.0,0.0,00:00:00.000,0.0,,08-11-2021,,,,,,,00:00:00.000,00:00:00.000,,,,
LC1EP.FR,I,08-11-2021,00:00:00.000,,,,,,,0.0,,,0.0,,,,0.0,,0.0,,0.0,,00:00:00.000,,,,,,,,,00:00:00.000,00:00:00.000,00:00:00.000,00:00:00.000,00:00:00.000,,
IEMIM.FR,I,08-11-2021,05:10:04.000,,,,,,,0.0,,,0.0,,,,0.0,,0.0,,0.0,,00:00:00.000,,,,,,,,,00:00:00.000,00:00:00.000,00:00:00.000,00:00:00.000,00:00:00.000,,
ICEUU.FR,I,08-11-2021,00:00:00.000,,,,,,,0.0,,,0.0,,,,0.0,,0.0,,0.0,,00:00:00.000,,,,,,,,,00:00:00.000,00:00:00.000,00:00:00.000,00:00:00.000,00:00:00.000,,
MLCMI.FR,E,08-11-2021,05:14:00.000,0.0,0.0,0.0,0.0,,0.0,0.0,,,0.0,,,0.0,0.0,,0.0,,0.0,0.0,00:00:00.000,0.0,,08-11-2021,,,,,,,00:00:00.000,00:00:00.000,,,,
I2GS.FR,I,08-11-2021,00:00:00.000,,,,,,,0.0,,,0.0,,,,0.0,,0.0,,0.0,,00:00:00.000,,,,,,,,,00:00:00.000,00:00:00.000,00:00:00.000,00:00:00.000,00:00:00.000,,
QDT.FR,E,08-11-2021,10:44:36.000,0.0,0.0,0.0,0.0,,0.0,0.0,,,0.0,,,0.0,0.0,,0.0,,0.0,0.0,00:00:00.000,0.0,,08-11-2021,,,,,,,00:00:00.000,00:00:00.000,,,,
INDAX.FR,I,08-11-2021,05:10:04.000,,,,,,,0.0,,,0.0,,,,0.0,,0.0,,0.0,,00:00:00.000,,,,,,,,,00:00:00.000,00:00:00.000,00:00:00.000,00:00:00.000,00:00:00.000,,
C4EWD.FR,I,08-11-2021,00:00:00.000,,,,,,,0.0,,,0.0,,,,0.0,,0.0,,0.0,,00:00:00.000,,,,,,,,,00:00:00.000,00:00:00.000,00:00:00.000,00:00:00.000,00:00:00.000,,
GPE.FR,E,08-11-2021,02:00:00.000,0.0,0.0,0.0,0.0,,0.0,0.0,,,0.0,,,0.0,0.0,,0.0,,0.0,0.0,00:00:00.000,0.0,,08-11-2021,,,,,,,00:00:00.000,00:00:00.000,,,,
IEUCO.FR,I,08-11-2021,05:10:04.000,,,,,,,0.0,,,0.0,,,,0.0,,0.0,,0.0,,00:00:00.000,,,,,,,,,00:00:00.000,00:00:00.000,00:00:00.000,00:00:00.000,00:00:00.000,,
IDECD.FR,I,08-11-2021,00:00:00.000,,,,,,,0.0,,,0.0,,,,0.0,,0.0,,0.0,,00:00:00.000,,,,,,,,,00:00:00.000,00:00:00.000,00:00:00.000,00:00:00.000,00:00:00.000,,
GALIM.FR,E,08-11-2021,08:06:31.000,0.0,0.0,0.0,0.0,,0.0,0.0,,,0.0,,,0.0,0.0,,0.0,,0.0,0.0,00:00:00.000,0.0,,08-11-2021,,,,,,,00:00:00.000,00:00:00.000,,,,
INMGT.FR,I,08-11-2021,05:10:04.000,,,,,,,0.0,,,0.0,,,,0.0,,0.0,,0.0,,00:00:00.000,,,,,,,,,00:00:00.000,00:00:00.000,00:00:00.000,00:00:00.000,00:00:00.000,,
FB2.FR,E,08-11-2021,00:00:00.000,0.0,0.0,0.0,0.0,,0.0,0.0,,,0.0,,,0.0,0.0,,0.0,,0.0,0.0,00:00:00.000,0.0,,08-11-2021,,,,,,,00:00:00.000,00:00:00.000,,,,
CS.FR,E,08-11-2021,05:14:00.000,0.0,0.0,0.0,0.0,,0.0,0.0,,,0.0,,,0.0,0.0,,0.0,,0.0,0.0,00:00:00.000,0.0,,08-11-2021,,,,,,,00:00:00.000,00:00:00.000,,,,
IV60D.FR,I,08-11-2021,00:00:00.000,,,,,,,0.0,,,0.0,,,,0.0,,0.0,,0.0,,00:00:00.000,,,,,,,,,00:00:00.000,00:00:00.000,00:00:00.000,00:00:00.000,00:00:00.000,,
IMVUS.FR,I,08-11-2021,05:10:04.000,,,,,,,0.0,,,0.0,,,,0.0,,0.0,,0.0,,00:00:00.000,,,,,,,,,00:00:00.000,00:00:00.000,00:00:00.000,00:00:00.000,00:00:00.000,,
MLATV.FR,E,08-11-2021,05:14:00.000,0.0,0.0,0.0,0.0,,0.0,0.0,,,0.0,,,0.0,0.0,,0.0,,0.0,0.0,00:00:00.000,0.0,,08-11-2021,,,,,,,00:00:00.000,00:00:00.000,,,,
NVD3.FR,E,08-11-2021,09:12:16.665,0.0,0.0,0.0,0.0,,0.0,0.0,,,0.0,,,0.0,0.0,,0.0,,0.0,0.0,00:00:00.000,0.0,,08-11-2021,,,,,,,00:00:00.000,00:00:00.000,,,,
INEA.FR,E,08-11-2021,05:14:00.000,0.0,0.0,0.0,0.0,,0.0,0.0,,,0.0,,,0.0,0.0,,0.0,,0.0,0.0,00:00:00.000,0.0,,08-11-2021,,,,,,,00:00:00.000,00:00:00.000,,,,
ISADW.FR,I,08-11-2021,00:00:00.000,,,,,,,0.0,,,0.0,,,,0.0,,0.0,,0.0,,00:00:00.000,,,,,,,,,00:00:00.000,00:00:00.000,00:00:00.000,00:00:00.000,00:00:00.000,,
F4RIP.FR,I,08-11-2021,00:00:00.000,,,,,,,0.0,,,0.0,,,,0.0,,0.0,,0.0,,00:00:00.000,,,,,,,,,00:00:00.000,00:00:00.000,00:00:00.000,00:00:00.000,00:00:00.000,,
LARF.FR,E,08-11-2021,00:00:00.000,,,,,,,,,,,,,,,,,,,,00:00:00.000,,,,,,,,,,,,,,,
ALTA.FR,E,08-11-2021,05:14:00.000,0.0,0.0,0.0,0.0,,0.0,0.0,,,0.0,,,0.0,0.0,,0.0,,0.0,0.0,00:00:00.000,0.0,,08-11-2021,,,,,,,00:00:00.000,00:00:00.000,,,,
NSCG.FR,E,08-11-2021,00:00:00.000,,,,,,,,,,,,,,,,,,,,00:00:00.000,,,,,,,,,,,,,,,
MLSNT.FR,E,08-11-2021,05:14:00.000,0.0,0.0,0.0,0.0,,0.0,0.0,,,0.0,,,0.0,0.0,,0.0,,0.0,0.0,00:00:00.000,0.0,,,,,,,,,00:00:00.000,00:00:00.000,,,,
IXBTI.FR,I,08-11-2021,00:00:00.000,,,,,,,0.0,,,0.0,,,,0.0,,0.0,,0.0,,00:00:00.000,,,,,,,,,00:00:00.000,00:00:00.000,00:00:00.000,00:00:00.000,00:00:00.000,,
NSG.FR,E,08-11-2021,00:00:00.000,,,,,,,,,,,,,,,,,,,,00:00:00.000,,,,,,,,,,,,,,,
AMZ2.FR,E,08-11-2021,00:00:00.000,0.0,0.0,0.0,0.0,,0.0,0.0,,,0.0,,,0.0,0.0,,0.0,,0.0,0.0,00:00:00.000,0.0,,08-11-2021,,,,,,,00:00:00.000,00:00:00.000,,,,
AKOM.FR,E,08-11-2021,15:50:56.337,0.0,0.0,0.0,0.0,,0.0,0.0,,,0.0,,,0.0,0.0,,0.0,,0.0,0.0,00:00:00.000,0.0,,08-11-2021,,,,,,,00:00:00.000,00:00:00.000,,,,
IVWRL.FR,I,08-11-2021,05:10:04.000,,,,,,,0.0,,,0.0,,,,0.0,,0.0,,0.0,,00:00:00.000,,,,,,,,,00:00:00.000,00:00:00.000,00:00:00.000,00:00:00.000,00:00:00.000,,
IPTPH.FR,I,08-11-2021,00:00:00.000,,,,,,,0.0,,,0.0,,,,0.0,,0.0,,0.0,,00:00:00.000,,,,,,,,,00:00:00.000,00:00:00.000,00:00:00.000,00:00:00.000,00:00:00.000,,
IUS10.FR,I,08-11-2021,05:10:04.000,,,,,,,0.0,,,0.0,,,,0.0,,0.0,,0.0,,00:00:00.000,,,,,,,,,00:00:00.000,00:00:00.000,00:00:00.000,00:00:00.000,00:00:00.000,,
NSDG.FR,E,08-11-2021,00:00:00.000,,,,,,,,,,,,,,,,,,,,00:00:00.000,,,,,,,,,,,,,,,
SK.FR,E,08-11-2021,05:14:00.000,0.0,0.0,0.0,0.0,,0.0,0.0,,,0.0,,,0.0,0.0,,0.0,,0.0,0.0,00:00:00.000,0.0,,08-11-2021,,,,,,,00:00:00.000,00:00:00.000,,,,
ISXLY.FR,I,08-11-2021,00:00:00.000,,,,,,,0.0,,,0.0,,,,0.0,,0.0,,0.0,,00:00:00.000,,,,,,,,,00:00:00.000,00:00:00.000,00:00:00.000,00:00:00.000,00:00:00.000,,
GHCPR.FR,I,08-11-2021,00:00:00.000,,,,,,,0.0,,,0.0,,,,0.0,,0.0,,0.0,,00:00:00.000,,,,,,,,,00:00:00.000,00:00:00.000,00:00:00.000,00:00:00.000,00:00:00.000,,
USCEG.FR,I,08-11-2021,00:00:00.000,,,,,,,0.0,,,0.0,,,,0.0,,0.0,,0.0,,00:00:00.000,,,,,,,,,00:00:00.000,00:00:00.000,00:00:00.000,00:00:00.000,00:00:00.000,,
ALSER.FR,E,08-11-2021,05:14:00.000,0.0,0.0,0.0,0.0,,0.0,0.0,,,0.0,,,0.0,0.0,,0.0,,0.0,0.0,00:00:00.000,0.0,,08-11-2021,,,,,,,00:00:00.000,00:00:00.000,,,,
INUST.FR,I,08-11-2021,05:10:04.000,,,,,,,0.0,,,0.0,,,,0.0,,0.0,,0.0,,00:00:00.000,,,,,,,,,00:00:00.000,00:00:00.000,00:00:00.000,00:00:00.000,00:00:00.000,,
ALFLE.FR,E,08-11-2021,09:34:22.000,0.0,0.0,0.0,0.0,,0.0,0.0,,,0.0,,,0.0,0.0,,0.0,,0.0,0.0,00:00:00.000,0.0,,08-11-2021,,,,,,,00:00:00.000,00:00:00.000,,,,
ALVU.FR,E,08-11-2021,11:42:01.206,0.0,0.0,0.0,0.0,,0.0,0.0,,,0.0,,,0.0,0.0,,0.0,,0.0,0.0,00:00:00.000,0.0,,08-11-2021,,,,,,,00:00:00.000,00:00:00.000,,,,
ITNAE.FR,I,08-11-2021,05:10:04.000,,,,,,,0.0,,,0.0,,,,0.0,,0.0,,0.0,,00:00:00.000,,,,,,,,,00:00:00.000,00:00:00.000,00:00:00.000,00:00:00.000,00:00:00.000,,
IJD1X.FR,I,08-11-2021,00:00:00.000,,,,,,,0.0,,,0.0,,,,0.0,,0.0,,0.0,,00:00:00.000,,,,,,,,,00:00:00.000,00:00:00.000,00:00:00.000,00:00:00.000,00:00:00.000,,
ITSYE.FR,I,08-11-2021,05:10:04.000,,,,,,,0.0,,,0.0,,,,0.0,,0.0,,0.0,,00:00:00.000,,,,,,,,,00:00:00.000,00:00:00.000,00:00:00.000,00:00:00.000,00:00:00.000,,
IECAR.FR,I,08-11-2021,00:00:00.000,,,,,,,,,,,,,,,,,,,,,,,,,,,,,,,,,,,
IMI13.FR,I,08-11-2021,05:10:04.000,,,,,,,0.0,,,0.0,,,,0.0,,0.0,,0.0,,00:00:00.000,,,,,,,,,00:00:00.000,00:00:00.000,00:00:00.000,00:00:00.000,00:00:00.000,,
IBTPS.FR,I,08-11-2021,05:10:04.000,,,,,,,0.0,,,0.0,,,,0.0,,0.0,,0.0,,00:00:00.000,,,,,,,,,00:00:00.000,00:00:00.000,00:00:00.000,00:00:00.000,00:00:00.000,,
IBAB3.FR,I,08-11-2021,00:00:00.000,,,,,,,0.0,,,0.0,,,,0.0,,0.0,,0.0,,00:00:00.000,,,,,,,,,00:00:00.000,00:00:00.000,00:00:00.000,00:00:00.000,00:00:00.000,,
ISXLP.FR,I,08-11-2021,00:00:00.000,,,,,,,0.0,,,0.0,,,,0.0,,0.0,,0.0,,00:00:00.000,,,,,,,,,00:00:00.000,00:00:00.000,00:00:00.000,00:00:00.000,00:00:00.000,,
I2POW.FR,E,08-11-2021,17:05:56.447,0.0,0.0,0.0,0.0,,0.0,0.0,,,0.0,,,0.0,0.0,,0.0,,0.0,0.0,00:00:00.000,0.0,,08-11-2021,,,,,,,00:00:00.000,00:00:00.000,,,,
II500.FR,I,08-11-2021,00:00:00.000,,,,,,,0.0,,,0.0,,,,0.0,,0.0,,0.0,,00:00:00.000,,,,,,,,,00:00:00.000,00:00:00.000,00:00:00.000,00:00:00.000,00:00:00.000,,
ALTBM.FR,E,08-11-2021,00:00:00.000,0.0,0.0,0.0,0.0,,0.0,0.0,,,0.0,,,0.0,0.0,,0.0,,0.0,0.0,00:00:00.000,0.0,,08-11-2021,,,,,,,00:00:00.000,00:00:00.000,,,,
I100H.FR,I,08-11-2021,00:00:00.000,,,,,,,0.0,,,0.0,,,,0.0,,0.0,,0.0,,00:00:00.000,,,,,,,,,00:00:00.000,00:00:00.000,00:00:00.000,00:00:00.000,00:00:00.000,,
CACLN.FR,I,08-11-2021,00:00:00.000,,,,,,,0.0,,,0.0,,,,0.0,,0.0,,0.0,,00:00:00.000,,,,,,,,,00:00:00.000,00:00:00.000,00:00:00.000,00:00:00.000,00:00:00.000,,
IDHYD.FR,I,08-11-2021,00:00:00.000,,,,,,,0.0,,,0.0,,,,0.0,,0.0,,0.0,,00:00:00.000,,,,,,,,,00:00:00.000,00:00:00.000,00:00:00.000,00:00:00.000,00:00:00.000,,
MLALE.FR,E,08-11-2021,00:00:00.000,0.0,0.0,0.0,0.0,,0.0,0.0,,,0.0,,,0.0,0.0,,0.0,,0.0,0.0,00:00:00.000,0.0,,08-11-2021,,,,,,,00:00:00.000,00:00:00.000,,,,
PAR.FR,E,08-11-2021,01:00:00.000,0.0,0.0,0.0,0.0,,0.0,0.0,,,0.0,,,0.0,0.0,,0.0,,0.0,0.0,00:00:00.000,0.0,,08-11-2021,,,,,,,00:00:00.000,00:00:00.000,,,,
COM.FR,E,08-11-2021,05:14:00.000,0.0,0.0,0.0,0.0,,0.0,0.0,,,0.0,,,0.0,0.0,,0.0,,0.0,0.0,00:00:00.000,0.0,,08-11-2021,,,,,,,00:00:00.000,00:00:00.000,,,,
ICSUS.FR,I,08-11-2021,05:10:04.000,,,,,,,0.0,,,0.0,,,,0.0,,0.0,,0.0,,00:00:00.000,,,,,,,,,00:00:00.000,00:00:00.000,00:00:00.000,00:00:00.000,00:00:00.000,,
ICSH2.FR,I,08-11-2021,00:00:00.000,,,,,,,0.0,,,0.0,,,,0.0,,0.0,,0.0,,00:00:00.000,,,,,,,,,00:00:00.000,00:00:00.000,00:00:00.000,00:00:00.000,00:00:00.000,,
ALNMR.FR,E,08-11-2021,09:52:59.349,0.0,0.0,0.0,0.0,,0.0,0.0,,,0.0,,,0.0,0.0,,0.0,,0.0,0.0,00:00:00.000,0.0,,08-11-2021,,,,,,,00:00:00.000,00:00:00.000,,,,
GENX.FR,E,08-11-2021,05:14:00.000,0.0,0.0,0.0,0.0,,0.0,0.0,,,0.0,,,0.0,0.0,,0.0,,0.0,0.0,00:00:00.000,0.0,,08-11-2021,,,,,,,00:00:00.000,00:00:00.000,,,,
SEC.FR,E,08-11-2021,05:14:00.000,0.0,0.0,0.0,0.0,,0.0,0.0,,,0.0,,,0.0,0.0,,0.0,,0.0,0.0,00:00:00.000,0.0,,08-11-2021,,,,,,,00:00:00.000,00:00:00.000,,,,
BNPAQ.FR,E,08-11-2021,05:14:09.000,0.0,0.0,0.0,0.0,,0.0,0.0,,,0.0,,,0.0,0.0,,0.0,,0.0,0.0,00:00:00.000,0.0,,08-11-2021,,,,,,,00:00:00.000,00:00:00.000,,,,
ICITS.FR,I,08-11-2021,00:00:00.000,,,,,,,0.0,,,0.0,,,,0.0,,0.0,,0.0,,00:00:00.000,,,,,,,,,00:00:00.000,00:00:00.000,00:00:00.000,00:00:00.000,00:00:00.000,,
IAMZ2.FR,I,08-11-2021,00:00:00.000,,,,,,,0.0,,,0.0,,,,0.0,,0.0,,0.0,,00:00:00.000,,,,,,,,,00:00:00.000,00:00:00.000,00:00:00.000,00:00:00.000,00:00:00.000,,
MLETA.FR,E,08-11-2021,05:14:00.000,0.0,0.0,0.0,0.0,,0.0,0.0,,,0.0,,,0.0,0.0,,0.0,,0.0,0.0,00:00:00.000,0.0,,08-11-2021,,,,,,,00:00:00.000,00:00:00.000,,,,
ALVDM.FR,E,08-11-2021,05:14:00.000,0.0,0.0,0.0,0.0,,0.0,0.0,,,0.0,,,0.0,0.0,,0.0,,0.0,0.0,00:00:00.000,0.0,,08-11-2021,,,,,,,00:00:00.000,00:00:00.000,,,,
ALMND.FR,E,08-11-2021,11:04:24.593,0.0,0.0,0.0,0.0,,0.0,0.0,,,0.0,,,0.0,0.0,,0.0,,0.0,0.0,00:00:00.000,0.0,,08-11-2021,,,,,,,00:00:00.000,00:00:00.000,,,,
ALPDX.FR,E,08-11-2021,02:00:00.000,0.0,0.0,0.0,0.0,,0.0,0.0,,,0.0,,,0.0,0.0,,0.0,,0.0,0.0,00:00:00.000,0.0,,08-11-2021,,,,,,,00:00:00.000,00:00:00.000,,,,
IP50H.FR,I,08-11-2021,00:00:00.000,,,,,,,0.0,,,0.0,,,,0.0,,0.0,,0.0,,00:00:00.000,,,,,,,,,00:00:00.000,00:00:00.000,00:00:00.000,00:00:00.000,00:00:00.000,,
MLSHD.FR,E,08-11-2021,05:14:00.000,0.0,0.0,0.0,0.0,,0.0,0.0,,,0.0,,,0.0,0.0,,0.0,,0.0,0.0,00:00:00.000,0.0,,,,,,,,,00:00:00.000,00:00:00.000,,,,
ALINV.FR,E,08-11-2021,10:40:46.554,0.0,0.0,0.0,0.0,,0.0,0.0,,,0.0,,,0.0,0.0,,0.0,,0.0,0.0,00:00:00.000,0.0,,08-11-2021,,,,,,,00:00:00.000,00:00:00.000,,,,
ICNYA.FR,I,08-11-2021,00:00:00.000,,,,,,,,,,,,,,,,,,,,,,,,,,,,,,,,,,,
ALOBR.FR,E,08-11-2021,05:14:00.000,0.0,0.0,0.0,0.0,,0.0,0.0,,,0.0,,,0.0,0.0,,0.0,,0.0,0.0,00:00:00.000,0.0,,08-11-2021,,,,,,,00:00:00.000,00:00:00.000,,,,
ETL.FR,E,08-11-2021,05:14:00.000,0.0,0.0,0.0,0.0,,0.0,0.0,,,0.0,,,0.0,0.0,,0.0,,0.0,0.0,00:00:00.000,0.0,,08-11-2021,,,,,,,00:00:00.000,00:00:00.000,,,,
LGFB.FR,E,08-11-2021,00:00:00.000,,,,,,,,,,,,,,,,,,,,00:00:00.000,,,,,,,,,,,,,,,
IHPAE.FR,I,08-11-2021,00:00:00.000,,,,,,,0.0,,,0.0,,,,0.0,,0.0,,0.0,,00:00:00.000,,,,,,,,,00:00:00.000,00:00:00.000,00:00:00.000,00:00:00.000,00:00:00.000,,
MLAIR.FR,E,08-11-2021,00:00:00.000,0.0,0.0,0.0,0.0,,0.0,0.0,,,0.0,,,0.0,0.0,,0.0,,0.0,0.0,00:00:00.000,0.0,,08-11-2021,,,,,,,00:00:00.000,00:00:00.000,,,,
FRCG.FR,I,08-11-2021,05:10:04.000,,,,,,,0.0,,,0.0,,,,0.0,,0.0,,0.0,,00:00:00.000,,,,,,,,,00:00:00.000,00:00:00.000,00:00:00.000,00:00:00.000,00:00:00.000,,
INLVX.FR,I,08-11-2021,00:00:00.000,,,,,,,0.0,,,0.0,,,,0.0,,0.0,,0.0,,00:00:00.000,,,,,,,,,00:00:00.000,00:00:00.000,00:00:00.000,00:00:00.000,00:00:00.000,,
ASY.FR,E,08-11-2021,02:00:00.000,0.0,0.0,0.0,0.0,,0.0,0.0,,,0.0,,,0.0,0.0,,0.0,,0.0,0.0,00:00:00.000,0.0,,08-11-2021,,,,,,,00:00:00.000,00:00:00.000,,,,
IPRIO.FR,I,08-11-2021,05:10:04.000,,,,,,,0.0,,,0.0,,,,0.0,,0.0,,0.0,,00:00:00.000,,,,,,,,,00:00:00.000,00:00:00.000,00:00:00.000,00:00:00.000,00:00:00.000,,
MLLOI.FR,E,08-11-2021,05:14:00.000,0.0,0.0,0.0,0.0,,0.0,0.0,,,0.0,,,0.0,0.0,,0.0,,0.0,0.0,00:00:00.000,0.0,,08-11-2021,,,,,,,00:00:00.000,00:00:00.000,,,,
MDM.FR,E,08-11-2021,05:14:00.000,0.0,0.0,0.0,0.0,,0.0,0.0,,,0.0,,,0.0,0.0,,0.0,,0.0,0.0,00:00:00.000,0.0,,08-11-2021,,,,,,,00:00:00.000,00:00:00.000,,,,
IFLOT.FR,I,08-11-2021,00:00:00.000,,,,,,,0.0,,,0.0,,,,0.0,,0.0,,0.0,,00:00:00.000,,,,,,,,,00:00:00.000,00:00:00.000,00:00:00.000,00:00:00.000,00:00:00.000,,
IHSEU.FR,I,08-11-2021,00:00:00.000,,,,,,,0.0,,,0.0,,,,0.0,,0.0,,0.0,,00:00:00.000,,,,,,,,,00:00:00.000,00:00:00.000,00:00:00.000,00:00:00.000,00:00:00.000,,
IEEDV.FR,I,08-11-2021,00:00:00.000,,,,,,,0.0,,,0.0,,,,0.0,,0.0,,0.0,,00:00:00.000,,,,,,,,,00:00:00.000,00:00:00.000,00:00:00.000,00:00:00.000,00:00:00.000,,
IPRAR.FR,I,08-11-2021,00:00:00.000,,,,,,,0.0,,,0.0,,,,0.0,,0.0,,0.0,,00:00:00.000,,,,,,,,,00:00:00.000,00:00:00.000,00:00:00.000,00:00:00.000,00:00:00.000,,
ILWCE.FR,I,08-11-2021,00:00:00.000,,,,,,,0.0,,,0.0,,,,0.0,,0.0,,0.0,,00:00:00.000,,,,,,,,,00:00:00.000,00:00:00.000,00:00:00.000,00:00:00.000,00:00:00.000,,
ALI2S.FR,E,08-11-2021,05:14:00.000,0.0,0.0,0.0,0.0,,0.0,0.0,,,0.0,,,0.0,0.0,,0.0,,0.0,0.0,00:00:00.000,0.0,,08-11-2021,,,,,,,00:00:00.000,00:00:00.000,,,,
ALTTI.FR,E,08-11-2021,01:00:00.000,0.0,0.0,0.0,0.0,,0.0,0.0,,,0.0,,,0.0,0.0,,0.0,,0.0,0.0,00:00:00.000,0.0,,08-11-2021,,,,,,,00:00:00.000,00:00:00.000,,,,
ITSLA.FR,I,08-11-2021,00:00:00.000,,,,,,,0.0,,,0.0,,,,0.0,,0.0,,0.0,,00:00:00.000,,,,,,,,,00:00:00.000,00:00:00.000,00:00:00.000,00:00:00.000,00:00:00.000,,
ICEMU.FR,I,08-11-2021,05:10:04.000,,,,,,,0.0,,,0.0,,,,0.0,,0.0,,0.0,,00:00:00.000,,,,,,,,,00:00:00.000,00:00:00.000,00:00:00.000,00:00:00.000,00:00:00.000,,
ALMET.FR,E,08-11-2021,02:00:00.000,0.0,0.0,0.0,0.0,,0.0,0.0,,,0.0,,,0.0,0.0,,0.0,,0.0,0.0,00:00:00.000,0.0,,08-11-2021,,,,,,,00:00:00.000,00:00:00.000,,,,
INMJP.FR,I,08-11-2021,05:10:04.000,,,,,,,0.0,,,0.0,,,,0.0,,0.0,,0.0,,00:00:00.000,,,,,,,,,00:00:00.000,00:00:00.000,00:00:00.000,00:00:00.000,00:00:00.000,,
IEGRI.FR,I,08-11-2021,00:00:00.000,,,,,,,0.0,,,0.0,,,,0.0,,0.0,,0.0,,00:00:00.000,,,,,,,,,00:00:00.000,00:00:00.000,00:00:00.000,00:00:00.000,00:00:00.000,,
IFLXK.FR,I,08-11-2021,00:00:00.000,,,,,,,0.0,,,0.0,,,,0.0,,0.0,,0.0,,00:00:00.000,,,,,,,,,00:00:00.000,00:00:00.000,00:00:00.000,00:00:00.000,00:00:00.000,,
IMA13.FR,I,08-11-2021,05:10:04.000,,,,,,,0.0,,,0.0,,,,0.0,,0.0,,0.0,,00:00:00.000,,,,,,,,,00:00:00.000,00:00:00.000,00:00:00.000,00:00:00.000,00:00:00.000,,
FRIN.FR,I,08-11-2021,05:10:04.000,,,,,,,0.0,,,0.0,,,,0.0,,0.0,,0.0,,00:00:00.000,,,,,,,,,00:00:00.000,00:00:00.000,00:00:00.000,00:00:00.000,00:00:00.000,,
UBRS.FR,E,08-11-2021,00:00:00.000,0.0,0.0,0.0,0.0,,0.0,0.0,,,0.0,,,0.0,0.0,,0.0,,0.0,0.0,00:00:00.000,0.0,,08-11-2021,,,,,,,00:00:00.000,00:00:00.000,,,,
INPHG.FR,I,08-11-2021,05:10:04.000,,,,,,,0.0,,,0.0,,,,0.0,,0.0,,0.0,,00:00:00.000,,,,,,,,,00:00:00.000,00:00:00.000,00:00:00.000,00:00:00.000,00:00:00.000,,
ALUCR.FR,E,08-11-2021,02:00:00.000,0.0,0.0,0.0,0.0,,0.0,0.0,,,0.0,,,0.0,0.0,,0.0,,0.0,0.0,00:00:00.000,0.0,,08-11-2021,,,,,,,00:00:00.000,00:00:00.000,,,,
IMI10.FR,I,08-11-2021,00:00:00.000,,,,,,,0.0,,,0.0,,,,0.0,,0.0,,0.0,,00:00:00.000,,,,,,,,,00:00:00.000,00:00:00.000,00:00:00.000,00:00:00.000,00:00:00.000,,
INASI.FR,I,08-11-2021,05:10:04.000,,,,,,,0.0,,,0.0,,,,0.0,,0.0,,0.0,,00:00:00.000,,,,,,,,,00:00:00.000,00:00:00.000,00:00:00.000,00:00:00.000,00:00:00.000,,
I2AMZ.FR,I,08-11-2021,00:00:00.000,,,,,,,0.0,,,0.0,,,,0.0,,0.0,,0.0,,00:00:00.000,,,,,,,,,00:00:00.000,00:00:00.000,00:00:00.000,00:00:00.000,00:00:00.000,,
NAOIN.FR,I,08-11-2021,05:10:04.000,,,,,,,0.0,,,0.0,,,,0.0,,0.0,,0.0,,00:00:00.000,,,,,,,,,00:00:00.000,00:00:00.000,00:00:00.000,00:00:00.000,00:00:00.000,,
SGT1P.FR,I,08-11-2021,00:00:00.000,,,,,,,0.0,,,0.0,,,,0.0,,0.0,,0.0,,00:00:00.000,,,,,,,,,,00:00:00.000,00:00:00.000,00:00:00.000,00:00:00.000,,
MLVIS.FR,E,08-11-2021,05:14:00.000,0.0,0.0,0.0,0.0,,0.0,0.0,,,0.0,,,0.0,0.0,,0.0,,0.0,0.0,00:00:00.000,0.0,,08-11-2021,,,,,,,00:00:00.000,00:00:00.000,,,,
LBIRD.FR,E,08-11-2021,12:02:37.206,0.0,0.0,0.0,0.0,,0.0,0.0,,,0.0,,,0.0,0.0,,0.0,,0.0,0.0,00:00:00.000,0.0,,08-11-2021,,,,,,,00:00:00.000,00:00:00.000,,,,
ECP.FR,E,08-11-2021,05:14:00.000,0.0,0.0,0.0,0.0,,0.0,0.0,,,0.0,,,0.0,0.0,,0.0,,0.0,0.0,00:00:00.000,0.0,,08-11-2021,,,,,,,00:00:00.000,00:00:00.000,,,,
ABVX.FR,E,08-11-2021,05:14:00.000,0.0,0.0,0.0,0.0,,0.0,0.0,,,0.0,,,0.0,0.0,,0.0,,0.0,0.0,00:00:00.000,0.0,,08-11-2021,,,,,,,00:00:00.000,00:00:00.000,,,,
IFXAC.FR,I,08-11-2021,00:00:00.000,,,,,,,0.0,,,0.0,,,,0.0,,0.0,,0.0,,00:00:00.000,,,,,,,,,00:00:00.000,00:00:00.000,00:00:00.000,00:00:00.000,00:00:00.000,,
ALCLA.FR,E,08-11-2021,05:14:00.000,0.0,0.0,0.0,0.0,,0.0,0.0,,,0.0,,,0.0,0.0,,0.0,,0.0,0.0,00:00:00.000,0.0,,08-11-2021,,,,,,,00:00:00.000,00:00:00.000,,,,
IETZ.FR,I,08-11-2021,05:10:04.000,,,,,,,0.0,,,0.0,,,,0.0,,0.0,,0.0,,00:00:00.000,,,,,,,,,00:00:00.000,00:00:00.000,00:00:00.000,00:00:00.000,00:00:00.000,,
XBTI.FR,E,08-11-2021,00:00:00.000,0.0,0.0,0.0,0.0,,0.0,0.0,,,0.0,,,0.0,0.0,,0.0,,0.0,0.0,00:00:00.000,0.0,,08-11-2021,,,,,,,00:00:00.000,00:00:00.000,,,,
ALWIT.FR,E,08-11-2021,02:00:00.000,0.0,0.0,0.0,0.0,,0.0,0.0,,,0.0,,,0.0,0.0,,0.0,,0.0,0.0,00:00:00.000,0.0,,08-11-2021,,,,,,,00:00:00.000,00:00:00.000,,,,
TKTT.FR,E,08-11-2021,05:14:00.000,0.0,0.0,0.0,0.0,,0.0,0.0,,,0.0,,,0.0,0.0,,0.0,,0.0,0.0,00:00:00.000,0.0,,08-11-2021,,,,,,,00:00:00.000,00:00:00.000,,,,
INSTU.FR,I,08-11-2021,05:10:04.000,,,,,,,0.0,,,0.0,,,,0.0,,0.0,,0.0,,00:00:00.000,,,,,,,,,00:00:00.000,00:00:00.000,00:00:00.000,00:00:00.000,00:00:00.000,,
IVALD.FR,I,08-11-2021,00:00:00.000,,,,,,,0.0,,,0.0,,,,0.0,,0.0,,0.0,,00:00:00.000,,,,,,,,,00:00:00.000,00:00:00.000,00:00:00.000,00:00:00.000,00:00:00.000,,
INDXH.FR,I,08-11-2021,05:10:04.000,,,,,,,0.0,,,0.0,,,,0.0,,0.0,,0.0,,00:00:00.000,,,,,,,,,00:00:00.000,00:00:00.000,00:00:00.000,00:00:00.000,00:00:00.000,,
ALCBI.FR,E,08-11-2021,17:14:58.335,0.0,0.0,0.0,0.0,,0.0,0.0,,,0.0,,,0.0,0.0,,0.0,,0.0,0.0,00:00:00.000,0.0,,08-11-2021,,,,,,,00:00:00.000,00:00:00.000,,,,
AMD2.FR,E,08-11-2021,00:00:00.000,0.0,0.0,0.0,0.0,,0.0,0.0,,,0.0,,,0.0,0.0,,0.0,,0.0,0.0,00:00:00.000,0.0,,08-11-2021,,,,,,,00:00:00.000,00:00:00.000,,,,
FRFNN.FR,I,08-11-2021,05:10:04.000,,,,,,,0.0,,,0.0,,,,0.0,,0.0,,0.0,,00:00:00.000,,,,,,,,,00:00:00.000,00:00:00.000,00:00:00.000,00:00:00.000,00:00:00.000,,
MLPRO.FR,E,08-11-2021,00:00:00.000,0.0,0.0,0.0,0.0,,0.0,0.0,,,0.0,,,0.0,0.0,,0.0,,0.0,0.0,00:00:00.000,0.0,,08-11-2021,,,,,,,00:00:00.000,00:00:00.000,,,,
IPR1C.FR,I,08-11-2021,00:00:00.000,,,,,,,0.0,,,0.0,,,,0.0,,0.0,,0.0,,00:00:00.000,,,,,,,,,00:00:00.000,00:00:00.000,00:00:00.000,00:00:00.000,00:00:00.000,,
MLOEX.FR,E,08-11-2021,05:14:00.000,0.0,0.0,0.0,0.0,,0.0,0.0,,,0.0,,,0.0,0.0,,0.0,,0.0,0.0,00:00:00.000,0.0,,08-11-2021,,,,,,,00:00:00.000,00:00:00.000,,,,
CEN.FR,E,08-11-2021,05:14:00.000,0.0,0.0,0.0,0.0,,0.0,0.0,,,0.0,,,0.0,0.0,,0.0,,0.0,0.0,00:00:00.000,0.0,,08-11-2021,,,,,,,00:00:00.000,00:00:00.000,,,,
ICSX5.FR,I,08-11-2021,05:10:04.000,,,,,,,0.0,,,0.0,,,,0.0,,0.0,,0.0,,00:00:00.000,,,,,,,,,00:00:00.000,00:00:00.000,00:00:00.000,00:00:00.000,00:00:00.000,,
INBSX.FR,I,08-11-2021,05:10:04.000,,,,,,,0.0,,,0.0,,,,0.0,,0.0,,0.0,,00:00:00.000,,,,,,,,,00:00:00.000,00:00:00.000,00:00:00.000,00:00:00.000,00:00:00.000,,
F4RIN.FR,I,08-11-2021,00:00:00.000,,,,,,,0.0,,,0.0,,,,0.0,,0.0,,0.0,,00:00:00.000,,,,,,,,,00:00:00.000,00:00:00.000,00:00:00.000,00:00:00.000,00:00:00.000,,
IEUHD.FR,I,08-11-2021,05:10:04.000,,,,,,,0.0,,,0.0,,,,0.0,,0.0,,0.0,,00:00:00.000,,,,,,,,,00:00:00.000,00:00:00.000,00:00:00.000,00:00:00.000,00:00:00.000,,
IABNB.FR,I,08-11-2021,00:00:00.000,,,,,,,0.0,,,0.0,,,,0.0,,0.0,,0.0,,00:00:00.000,,,,,,,,,00:00:00.000,00:00:00.000,00:00:00.000,00:00:00.000,00:00:00.000,,
ICRMS.FR,I,08-11-2021,00:00:00.000,,,,,,,0.0,,,0.0,,,,0.0,,0.0,,0.0,,00:00:00.000,,,,,,,,,00:00:00.000,00:00:00.000,00:00:00.000,00:00:00.000,00:00:00.000,,
ALBOO.FR,E,08-11-2021,09:21:07.348,0.0,0.0,0.0,0.0,,0.0,0.0,,,0.0,,,0.0,0.0,,0.0,,0.0,0.0,00:00:00.000,0.0,,08-11-2021,,,,,,,00:00:00.000,00:00:00.000,,,,
ROCBT.FR,E,08-11-2021,00:00:00.000,,,0.0,0.0,,,,,,,,,,,,,,,,00:00:00.000,,,,,,,,,,,,,,,
ORAP.FR,E,08-11-2021,05:14:00.000,0.0,0.0,0.0,0.0,,0.0,0.0,,,0.0,,,0.0,0.0,,0.0,,0.0,0.0,00:00:00.000,0.0,,08-11-2021,,,,,,,00:00:00.000,00:00:00.000,,,,
ENGI.FR,E,08-11-2021,05:14:00.000,0.0,0.0,0.0,0.0,,0.0,0.0,,,0.0,,,0.0,0.0,,0.0,,0.0,0.0,00:00:00.000,0.0,,08-11-2021,,,,,,,00:00:00.000,00:00:00.000,,,,
IUBUT.FR,I,08-11-2021,00:00:00.000,,,,,,,0.0,,,0.0,,,,0.0,,0.0,,0.0,,00:00:00.000,,,,,,,,,00:00:00.000,00:00:00.000,00:00:00.000,00:00:00.000,00:00:00.000,,
ILEMB.FR,I,08-11-2021,05:10:04.000,,,,,,,0.0,,,0.0,,,,0.0,,0.0,,0.0,,00:00:00.000,,,,,,,,,00:00:00.000,00:00:00.000,00:00:00.000,00:00:00.000,00:00:00.000,,
MLFDV.FR,E,08-11-2021,05:14:00.000,0.0,0.0,0.0,0.0,,0.0,0.0,,,0.0,,,0.0,0.0,,0.0,,0.0,0.0,00:00:00.000,0.0,,08-11-2021,,,,,,,00:00:00.000,00:00:00.000,,,,
ALTRO.FR,E,08-11-2021,05:14:00.000,0.0,0.0,0.0,0.0,,0.0,0.0,,,0.0,,,0.0,0.0,,0.0,,0.0,0.0,00:00:00.000,0.0,,08-11-2021,,,,,,,00:00:00.000,00:00:00.000,,,,
ALPCV.FR,E,08-11-2021,05:14:00.000,0.0,0.0,0.0,0.0,,0.0,0.0,,,0.0,,,0.0,0.0,,0.0,,0.0,0.0,00:00:00.000,0.0,,08-11-2021,,,,,,,00:00:00.000,00:00:00.000,,,,
ALKKO.FR,E,08-11-2021,09:05:37.713,0.0,0.0,0.0,0.0,,0.0,0.0,,,0.0,,,0.0,0.0,,0.0,,0.0,0.0,00:00:00.000,0.0,,08-11-2021,,,,,,,00:00:00.000,00:00:00.000,,,,
GRF5P.FR,I,08-11-2021,00:00:00.000,,,,,,,0.0,,,0.0,,,,0.0,,0.0,,0.0,,00:00:00.000,,,,,,,,,00:00:00.000,00:00:00.000,00:00:00.000,00:00:00.000,00:00:00.000,,
IUSIH.FR,I,08-11-2021,00:00:00.000,,,,,,,0.0,,,0.0,,,,0.0,,0.0,,0.0,,00:00:00.000,,,,,,,,,00:00:00.000,00:00:00.000,00:00:00.000,00:00:00.000,00:00:00.000,,
MLAEM.FR,E,08-11-2021,05:14:00.000,0.0,0.0,0.0,0.0,,0.0,0.0,,,0.0,,,0.0,0.0,,0.0,,0.0,0.0,00:00:00.000,0.0,,08-11-2021,,,,,,,00:00:00.000,00:00:00.000,,,,
COH.FR,E,08-11-2021,05:14:00.000,0.0,0.0,0.0,0.0,,0.0,0.0,,,0.0,,,0.0,0.0,,0.0,,0.0,0.0,00:00:00.000,0.0,,08-11-2021,,,,,,,00:00:00.000,00:00:00.000,,,,
IGOOG.FR,I,08-11-2021,00:00:00.000,,,,,,,0.0,,,0.0,,,,0.0,,0.0,,0.0,,00:00:00.000,,,,,,,,,00:00:00.000,00:00:00.000,00:00:00.000,00:00:00.000,00:00:00.000,,
MLABO.FR,E,08-11-2021,13:42:11.000,0.0,0.0,0.0,0.0,,0.0,0.0,,,0.0,,,0.0,0.0,,0.0,,0.0,0.0,00:00:00.000,0.0,,08-11-2021,,,,,,,00:00:00.000,00:00:00.000,,,,
SGO.FR,E,08-11-2021,05:14:00.000,0.0,0.0,0.0,0.0,,0.0,0.0,,,0.0,,,0.0,0.0,,0.0,,0.0,0.0,00:00:00.000,0.0,,08-11-2021,,,,,,,00:00:00.000,00:00:00.000,,,,
ALDBL.FR,E,08-11-2021,02:00:00.000,0.0,0.0,0.0,0.0,,0.0,0.0,,,0.0,,,0.0,0.0,,0.0,,0.0,0.0,00:00:00.000,0.0,,08-11-2021,,,,,,,00:00:00.000,00:00:00.000,,,,
IUBU9.FR,I,08-11-2021,05:10:04.000,,,,,,,0.0,,,0.0,,,,0.0,,0.0,,0.0,,00:00:00.000,,,,,,,,,00:00:00.000,00:00:00.000,00:00:00.000,00:00:00.000,00:00:00.000,,
GOVEZ.FR,I,08-11-2021,00:00:00.000,,,,,,,0.0,,,0.0,,,,0.0,,0.0,,0.0,,00:00:00.000,,,,,,,,,00:00:00.000,00:00:00.000,00:00:00.000,00:00:00.000,00:00:00.000,,
IPMEH.FR,I,08-11-2021,00:00:00.000,,,,,,,0.0,,,0.0,,,,0.0,,0.0,,0.0,,00:00:00.000,,,,,,,,,00:00:00.000,00:00:00.000,00:00:00.000,00:00:00.000,00:00:00.000,,
ISRIJ.FR,I,08-11-2021,00:00:00.000,,,,,,,0.0,,,0.0,,,,0.0,,0.0,,0.0,,00:00:00.000,,,,,,,,,00:00:00.000,00:00:00.000,00:00:00.000,00:00:00.000,00:00:00.000,,
NFVJ.FR,E,08-11-2021,00:00:00.000,,,,,,,,,,,,,,,,,,,,00:00:00.000,,,,,,,,,,,,,,,
ALINN.FR,E,08-11-2021,09:38:55.228,0.0,0.0,0.0,0.0,,0.0,0.0,,,0.0,,,0.0,0.0,,0.0,,0.0,0.0,00:00:00.000,0.0,,08-11-2021,,,,,,,00:00:00.000,00:00:00.000,,,,
FDJ.FR,E,08-11-2021,18:30:34.000,0.0,0.0,0.0,0.0,,0.0,0.0,,,0.0,,,0.0,0.0,,0.0,,0.0,0.0,00:00:00.000,0.0,,08-11-2021,,,,,,,00:00:00.000,00:00:00.000,,,,
IPR1W.FR,I,08-11-2021,00:00:00.000,,,,,,,0.0,,,0.0,,,,0.0,,0.0,,0.0,,00:00:00.000,,,,,,,,,00:00:00.000,00:00:00.000,00:00:00.000,00:00:00.000,00:00:00.000,,
INECB.FR,I,08-11-2021,05:10:04.000,,,,,,,0.0,,,0.0,,,,0.0,,0.0,,0.0,,00:00:00.000,,,,,,,,,00:00:00.000,00:00:00.000,00:00:00.000,00:00:00.000,00:00:00.000,,
TBMBT.FR,E,08-11-2021,00:00:00.000,,,0.0,0.0,,,,,,,,,,,,,,,,00:00:00.000,,,,,,,,,,,,,,,
IV60A.FR,I,08-11-2021,00:00:00.000,,,,,,,0.0,,,0.0,,,,0.0,,0.0,,0.0,,00:00:00.000,,,,,,,,,00:00:00.000,00:00:00.000,00:00:00.000,00:00:00.000,00:00:00.000,,
IJBEM.FR,I,08-11-2021,00:00:00.000,,,,,,,0.0,,,0.0,,,,0.0,,0.0,,0.0,,00:00:00.000,,,,,,,,,00:00:00.000,00:00:00.000,00:00:00.000,00:00:00.000,00:00:00.000,,
JBOG.FR,E,08-11-2021,05:14:00.000,0.0,0.0,0.0,0.0,,0.0,0.0,,,0.0,,,0.0,0.0,,0.0,,0.0,0.0,00:00:00.000,0.0,,08-11-2021,,,,,,,00:00:00.000,00:00:00.000,,,,
INC33.FR,I,08-11-2021,05:10:04.000,,,,,,,0.0,,,0.0,,,,0.0,,0.0,,0.0,,00:00:00.000,,,,,,,,,00:00:00.000,00:00:00.000,00:00:00.000,00:00:00.000,00:00:00.000,,
ALANT.FR,E,08-11-2021,02:00:00.000,0.0,0.0,0.0,0.0,,0.0,0.0,,,0.0,,,0.0,0.0,,0.0,,0.0,0.0,00:00:00.000,0.0,,08-11-2021,,,,,,,00:00:00.000,00:00:00.000,,,,
N150.FR,I,08-11-2021,00:00:00.000,,,,,,,0.0,,,0.0,,,,0.0,,0.0,,0.0,,00:00:00.000,,,,,,,,,00:00:00.000,00:00:00.000,00:00:00.000,00:00:00.000,00:00:00.000,,
DVT.FR,E,08-11-2021,05:14:00.000,0.0,0.0,0.0,0.0,,0.0,0.0,,,0.0,,,0.0,0.0,,0.0,,0.0,0.0,00:00:00.000,0.0,,08-11-2021,,,,,,,00:00:00.000,00:00:00.000,,,,
MAAT.FR,E,08-11-2021,00:00:00.000,,,,,,,,,,,,,,,,,,,,00:00:00.000,,,,,,,,,,,,,,,
ARTO.FR,E,08-11-2021,05:14:00.000,0.0,0.0,0.0,0.0,,0.0,0.0,,,0.0,,,0.0,0.0,,0.0,,0.0,0.0,00:00:00.000,0.0,,08-11-2021,,,,,,,00:00:00.000,00:00:00.000,,,,
ADVIC.FR,E,08-11-2021,15:25:14.953,0.0,0.0,0.0,0.0,,0.0,0.0,,,0.0,,,0.0,0.0,,0.0,,0.0,0.0,00:00:00.000,0.0,,08-11-2021,,,,,,,00:00:00.000,00:00:00.000,,,,
ASOL.FR,E,08-11-2021,09:08:26.052,0.0,0.0,0.0,0.0,,0.0,0.0,,,0.0,,,0.0,0.0,,0.0,,0.0,0.0,00:00:00.000,0.0,,08-11-2021,,,,,,,00:00:00.000,00:00:00.000,,,,
INDJE.FR,I,08-11-2021,05:10:04.000,,,,,,,0.0,,,0.0,,,,0.0,,0.0,,0.0,,00:00:00.000,,,,,,,,,00:00:00.000,00:00:00.000,00:00:00.000,00:00:00.000,00:00:00.000,,
MLFNP.FR,E,08-11-2021,00:00:00.000,0.0,0.0,0.0,0.0,,0.0,0.0,,,0.0,,,0.0,0.0,,0.0,,0.0,0.0,00:00:00.000,0.0,,08-11-2021,,,,,,,00:00:00.000,00:00:00.000,,,,
ALREW.FR,E,08-11-2021,02:00:00.000,0.0,0.0,0.0,0.0,,0.0,0.0,,,0.0,,,0.0,0.0,,0.0,,0.0,0.0,00:00:00.000,0.0,,08-11-2021,,,,,,,00:00:00.000,00:00:00.000,,,,
C12LE.FR,I,08-11-2021,00:00:00.000,,,,,,,0.0,,,0.0,,,,0.0,,0.0,,0.0,,00:00:00.000,,,,,,,,,00:00:00.000,00:00:00.000,00:00:00.000,00:00:00.000,00:00:00.000,,
